{
  "config": {
    "iterations": 500,
    "warmup": 10
  },
  "stages": {
    "stage1": {
      "stats": {
        "min": 1.8878341652452946,
        "max": 69.79683320969343,
        "mean": 4.816571590490639,
        "median": 3.9607295766472816,
        "p95": 8.172437525354326,
        "p99": 17.024158206768256,
        "stddev": 4.551120431725767
      },
      "raw_count": 500
    },
    "stage2": {
      "stats": {
        "min": 0.02720765769481659,
        "max": 7.581125013530254,
        "mean": 1.0190729200839996,
        "median": 0.9772914927452803,
        "p95": 2.3706961423158637,
        "p99": 4.24011426512152,
        "stddev": 0.9187567009852631
      },
      "raw_count": 500
    },
    "stage3": {
      "stats": {
        "min": 0.1848749816417694,
        "max": 2.0518330857157707,
        "mean": 0.6632054131478071,
        "median": 0.619709026068449,
        "p95": 1.131107378751039,
        "p99": 1.6964205959811804,
        "stddev": 0.26843976277712495
      },
      "raw_count": 500
    },
    "end_to_end": {
      "stats": {
        "min": 2.6512923650443554,
        "max": 37.65908442437649,
        "mean": 5.9534001518040895,
        "median": 5.3220209665596485,
        "p95": 10.249740979634222,
        "p99": 18.583111139014328,
        "stddev": 3.369325739153036
      },
      "raw_count": 500
    }
  },
  "test_data_sizes": {
    "tool_definitions": 577,
    "parameter_sets": 681,
    "responses": 202
  }
}