{
  "config": {
    "iterations": 1000,
    "warmup": 20
  },
  "stages": {
    "stage1": {
      "stats": {
        "min": 0.306959031149745,
        "max": 1.5191251877695322,
        "mean": 0.5202466687187552,
        "median": 0.4461039789021015,
        "p95": 0.9712647879496216,
        "p99": 1.1434812471270561,
        "stddev": 0.18622481987617928
      },
      "raw_count": 1000
    },
    "stage2": {
      "stats": {
        "min": 0.0067087821662425995,
        "max": 0.5378329660743475,
        "mean": 0.09439693111926317,
        "median": 0.09327090810984373,
        "p95": 0.1504417159594595,
        "p99": 0.18824063241481775,
        "stddev": 0.05492865587069101
      },
      "raw_count": 1000
    },
    "stage3": {
      "stats": {
        "min": 0.03129197284579277,
        "max": 0.2605421468615532,
        "mean": 0.0696204926352948,
        "median": 0.07033348083496094,
        "p95": 0.08796314941719174,
        "p99": 0.1049412367865443,
        "stddev": 0.01544097510505714
      },
      "raw_count": 1000
    },
    "end_to_end": {
      "stats": {
        "min": 0.3682500682771206,
        "max": 6.799583090469241,
        "mean": 0.6674276862759143,
        "median": 0.6405625026673079,
        "p95": 0.907253916375339,
        "p99": 1.0028367047198115,
        "stddev": 0.23717146091250263
      },
      "raw_count": 1000
    }
  },
  "test_data_sizes": {
    "tool_definitions": 577,
    "parameter_sets": 681,
    "responses": 202
  }
}