{
  "config": {
    "iterations": 300,
    "warmup": 20
  },
  "stages": {
    "stage1": {
      "stats": {
        "min": 6.718083983287215,
        "max": 16.46254095248878,
        "mean": 9.27120675255234,
        "median": 8.916832972317934,
        "p95": 14.017922792118044,
        "p99": 15.419874570798129,
        "stddev": 1.6266975101473868
      },
      "raw_count": 300
    },
    "stage2": {
      "stats": {
        "min": 0.004832865670323372,
        "max": 0.6189169362187386,
        "mean": 0.07105806066344182,
        "median": 0.023792032152414322,
        "p95": 0.1656805281527341,
        "p99": 0.19786425167694674,
        "stddev": 0.07412678812703025
      },
      "raw_count": 300
    },
    "stage3": {
      "stats": {
        "min": 6.313416874036193,
        "max": 58.56449995189905,
        "mean": 8.196926959014187,
        "median": 7.863395963795483,
        "p95": 11.017247790005058,
        "p99": 12.82703505596146,
        "stddev": 3.2413033477097684
      },
      "raw_count": 300
    },
    "end_to_end": {
      "stats": {
        "min": 13.765458017587662,
        "max": 24.34816607274115,
        "mean": 17.48356250037129,
        "median": 17.231229576282203,
        "p95": 21.524007979314774,
        "p99": 22.883658183272928,
        "stddev": 1.99192648915909
      },
      "raw_count": 300
    }
  },
  "test_data_sizes": {
    "tool_definitions": 577,
    "parameter_sets": 681,
    "responses": 202
  }
}